{
  "name": "mmm-default",
  "author": "nagisssa",
  "previewarea-background-color": "#222222",
  "font": {
    "font-family": "ComicShannsMono Nerd Font",
    "timeinfo-font-color": "#FFB6C1",
    "timeinfo-font-size": 16
  },
  "textures": {
    "bg": {
      "judgeline": "background/judgeline.png",
      "background": "background/background.png",
      "sprite": "background/sprite.png",
      "select-border": {
        "left": "hitobject/select_boarder_left.png",
        "right": "hitobject/select_boarder_right.png",
        "top": "hitobject/select_boarder_top.png",
        "bottom": "hitobject/select_boarder_bottom.png"
      }
    },
    "hitobject": {
      "head": {
        "common": "hitobject/head.png",
        "hover": "hitobject/head_hover.png",
        "selected": "hitobject/head_selected.png"
      },
      "node": {
        "common": "hitobject/node.png",
        "hover": "hitobject/node_hover.png",
        "selected": "hitobject/node_selected.png"
      },
      "hold": {
        "body": {
          "vertical": {
            "common": "hitobject/holdbodyvertical.png",
            "hover": "hitobject/holdbodyvertical_hover.png",
            "selected": "hitobject/holdbodyvertical_selected.png"
          },
          "horizontal": {
            "common": "hitobject/holdbodyhorizontal.png",
            "hover": "hitobject/holdbodyhorizontal_hover.png",
            "selected": "hitobject/holdbodyhorizontal_selected.png"
          }
        },
        "end": {
          "common": "hitobject/holdend.png",
          "hover": "hitobject/holdend_hover.png",
          "selected": "hitobject/holdend_selected.png"
        }
      },
      "slide": {
        "arrowleft": {
          "common": "hitobject/arrowleft.png",
          "hover": "hitobject/arrowleft_hover.png",
          "selected": "hitobject/arrowleft_selected.png"
        },
        "arrowright": {
          "common": "hitobject/arrowright.png",
          "hover": "hitobject/arrowright_hover.png",
          "selected": "hitobject/arrowright_selected.png"
        }
      }
    }
  },
  "divisortheme": {
    "divisor-info": {
      "2": [
        {
          "color": "#FF0000",
          "width": 4
        }
      ],
      "3": [
        {
          "color": "#FF00FF",
          "width": 3
        },
        {
          "color": "#FF00FF",
          "width": 3
        }
      ],
      "4": [
        {
          "color": "#00FFFF",
          "width": 2
        },
        {
          "color": "#FF0000",
          "width": 4
        },
        {
          "color": "#00FFFF",
          "width": 2
        }
      ],
      "5": [
        {
          "color": "#808000",
          "width": 2
        },
        {
          "color": "#808000",
          "width": 2
        },
        {
          "color": "#808000",
          "width": 2
        },
        {
          "color": "#808000",
          "width": 2
        }
      ],
      "6": [
        {
          "color": "#808000",
          "width": 2
        },
        {
          "color": "#FF00FFEE",
          "width": 3
        },
        {
          "color": "#FF0000",
          "width": 4
        },
        {
          "color": "#FF00FF",
          "width": 3
        },
        {
          "color": "#808000",
          "width": 2
        }
      ],
      "7": [
        {
          "color": "#800000",
          "width": 2
        },
        {
          "color": "#800000",
          "width": 2
        },
        {
          "color": "#800000",
          "width": 2
        },
        {
          "color": "#800000",
          "width": 2
        },
        {
          "color": "#800000",
          "width": 2
        },
        {
          "color": "#800000",
          "width": 2
        }
      ],
      "8": [
        {
          "color": "#808000",
          "width": 2
        },
        {
          "color": "#00FFFF",
          "width": 2
        },
        {
          "color": "#808000",
          "width": 2
        },
        {
          "color": "#FF0000",
          "width": 4
        },
        {
          "color": "#808000",
          "width": 2
        },
        {
          "color": "#00FFFF",
          "width": 2
        },
        {
          "color": "#808000",
          "width": 2
        }
      ]
    }
  }
}
